{"type":"FeatureCollection","features":[{"type":"Feature","geometry":{"type":"Point","coordinates":[-86.4204651,32.4615713]},"properties":{"title":3,"full_address":"1817 East Main Street, Prattville, AL, 36066","Division":"LOX","AHEAD Division":"FR26","Store no.":3,"AHEAD Store":"L970","Street":"1817 East Main Street","City":"Prattville","State":"AL","Telephone store":"334-717-7221","County":"Autauga","Zipcode ":36066,"Property type":"Land Lease","DateOpened":"12/6/2018","District Manager":"Wainwright, Richard A.","Store Manager":"Rausch, Holly N.","Dir of Store Ops":"Rhodes, Philip","Division VP":"Moore, Heather M."}},{"type":"Feature","geometry":{"type":"Point","coordinates":[-86.2169326,32.3566495]},"properties":{"title":5,"full_address":"1568 Eastern Blvd, Montgomery, AL, 36117","Division":"LOX","AHEAD Division":"FR26","Store no.":5,"AHEAD Store":"L971","Street":"1568 Eastern Blvd","City":"Montgomery","State":"AL","Telephone store":"334-746-5243","County":"Montgomery","Zipcode ":36117,"Property type":"Owned","DateOpened":"7/31/2019","District Manager":"Wainwright, Richard A.","Store Manager":"Frederick, Scott D.","Dir of Store Ops":"Rhodes, Philip","Division VP":"Moore, Heather M."}},{"type":"Feature","geometry":{"type":"Point","coordinates":[-86.2338661,32.6179981]},"properties":{"title":7,"full_address":"4445 US Hwy 231, Wetumpka, AL, 36092","Division":"LOX","AHEAD Division":"FR26","Store no.":7,"AHEAD Store":"L973","Street":"4445 US Hwy 231","City":"Wetumpka","State":"AL","Telephone store":"334-666-6564","County":"Elmore","Zipcode ":36092,"Property type":"Owned","DateOpened":"10/14/2020","District Manager":"McKenzie, Collis","Store Manager":"Tice, Joseph G.","Dir of Store Ops":"Rhodes, Philip","Division VP":"Moore, Heather M."}},{"type":"Feature","geometry":{"type":"Point","coordinates":[-90.151357,32.4183667]},"properties":{"title":8,"full_address":"750 Highland Colony Pkwy., Ridgeland, MS, 39157","Division":"LOX","AHEAD Division":"FR26","Store no.":8,"AHEAD Store":"FK87","Street":"750 Highland Colony Pkwy.","City":"Ridgeland","State":"MS","Telephone store":"601-642-3260","County":null,"Zipcode ":39157,"Property type":null,"DateOpened":"2025-09-25T00:00:00","District Manager":"Milnes, Greg","Store Manager":"Hernandez, Angelica","Dir of Store Ops":"Hanson, Leah N.","Division VP":"Moore, Heather M."}},{"type":"Feature","geometry":{"type":"Point","coordinates":[-86.1637416,32.3609912]},"properties":{"title":9,"full_address":"7340 Eastchase Parkway, Montgomery, AL, 36117","Division":"LOX","AHEAD Division":"FR26","Store no.":9,"AHEAD Store":"L974","Street":"7340 Eastchase Parkway","City":"Montgomery","State":"AL","Telephone store":"334-457-2011","County":"Montgomery","Zipcode ":36117,"Property type":"Leased","DateOpened":"6/9/2021","District Manager":"Wainwright, Richard A.","Store Manager":"Petty, Larreka D.","Dir of Store Ops":"Rhodes, Philip","Division VP":"Moore, Heather M."}},{"type":"Feature","geometry":{"type":"Point","coordinates":[-91.0963433,30.4556321]},"properties":{"title":25,"full_address":"9720 Cortana Pl, Baton Rouge, LA, 70815","Division":"LOX","AHEAD Division":"FR26","Store no.":25,"AHEAD Store":"FK95","Street":"9720 Cortana Pl","City":"Baton Rouge","State":"LA","Telephone store":"800-325-7894","County":"East Baton Rouge","Zipcode ":70815,"Property type":"Owned","DateOpened":"12/11/2024","District Manager":"Groce, Morgan A.","Store Manager":"Fields, Thomas","Dir of Store Ops":"Hanson, Leah N.","Division VP":"Moore, Heather M."}},{"type":"Feature","geometry":{"type":"Point","coordinates":[-87.5703638,33.2373209]},"properties":{"title":28,"full_address":"1349 McFarland Blvd, Tuscaloosa, AL, 35404","Division":"LOX","AHEAD Division":"FR26","Store no.":28,"AHEAD Store":"L256","Street":"1349 McFarland Blvd","City":"Tuscaloosa","State":"AL","Telephone store":"205-564-1007","County":"Tuscaloosa","Zipcode ":35404,"Property type":"Land Lease","DateOpened":"10/28/2015","District Manager":"Ritzel Jr., James","Store Manager":"Batey, Jared D.","Dir of Store Ops":"Rhodes, Philip","Division VP":"Moore, Heather M."}},{"type":"Feature","geometry":null,"properties":{"title":33,"full_address":"427 Mary Esther Cutoff, Fort Walton Beach, FL, 32548","Division":"LOX","AHEAD Division":"FR26","Store no.":33,"AHEAD Store":"FK99","Street":"427 Mary Esther Cutoff","City":"Fort Walton Beach","State":"FL","Telephone store":"448-216-0030","County":"Okaloosa","Zipcode ":32548,"Property type":"Land Lease","DateOpened":"12/20/2023","District Manager":"Brooks, Kaleb","Store Manager":"Wariner, Jacob","Dir of Store Ops":"Rhodes, Philip","Division VP":"Moore, Heather M."}},{"type":"Feature","geometry":{"type":"Point","coordinates":[-90.4630113,31.5803152]},"properties":{"title":38,"full_address":"840 Brookway Blvd, Brookhaven, MS, 39601","Division":"LOX","AHEAD Division":"FR26","Store no.":38,"AHEAD Store":"FK89","Street":"840 Brookway Blvd","City":"Brookhaven","State":"MS","Telephone store":"769-205-0340","County":"Lincoln","Zipcode ":39601,"Property type":"Leased","DateOpened":"12/11/2024","District Manager":"Watts, Jarrod M.","Store Manager":"Coleman, Cortney","Dir of Store Ops":"Hanson, Leah N.","Division VP":"Moore, Heather M."}},{"type":"Feature","geometry":null,"properties":{"title":40,"full_address":"10101 County Rd 48, Fairhope, AL, 36532","Division":"LOX","AHEAD Division":"FR26","Store no.":40,"AHEAD Store":"FE11","Street":"10101 County Rd 48","City":"Fairhope","State":"AL","Telephone store":"251-263-0890","County":"Baldwin","Zipcode ":36532,"Property type":"Owned","DateOpened":"3/1/2023","District Manager":"McKinley, Lachelle","Store Manager":"Joya, Cory L.","Dir of Store Ops":"Rhodes, Philip","Division VP":"Moore, Heather M."}},{"type":"Feature","geometry":{"type":"Point","coordinates":[-88.1343215,30.6759656]},"properties":{"title":44,"full_address":"3658 Airport Blvd, Mobile, AL, 36608","Division":"LOX","AHEAD Division":"FR26","Store no.":44,"AHEAD Store":"L984","Street":"3658 Airport Blvd","City":"Mobile","State":"AL","Telephone store":"251-480-0024","County":"Mobile","Zipcode ":36608,"Property type":"Leased","DateOpened":"9/21/2022","District Manager":"York, Priscilla","Store Manager":"Wathke, Lath A.","Dir of Store Ops":"Hanson, Leah N.","Division VP":"Moore, Heather M."}},{"type":"Feature","geometry":{"type":"Point","coordinates":[-88.2249121,30.6698016]},"properties":{"title":45,"full_address":"975 Schillinger Rd S, Mobile, AL, 36695","Division":"LOX","AHEAD Division":"FR26","Store no.":45,"AHEAD Store":"L985","Street":"975 Schillinger Rd S","City":"Mobile","State":"AL","Telephone store":"251-304-5840","County":"Mobile","Zipcode ":36695,"Property type":"Land Lease","DateOpened":"6/24/2022","District Manager":"York, Priscilla","Store Manager":null,"Dir of Store Ops":"Hanson, Leah N.","Division VP":"Moore, Heather M."}},{"type":"Feature","geometry":null,"properties":{"title":46,"full_address":"5021 Rangeline Crossing Dr, Mobile, AL, 36619","Division":"LOX","AHEAD Division":"FR26","Store no.":46,"AHEAD Store":"L986","Street":"5021 Rangeline Crossing Dr","City":"Mobile","State":"AL","Telephone store":"251-332-0044","County":"Mobile","Zipcode ":36619,"Property type":"Owned","DateOpened":"3/2/2022","District Manager":"York, Priscilla","Store Manager":"Malone, Michel","Dir of Store Ops":"Hanson, Leah N.","Division VP":"Moore, Heather M."}},{"type":"Feature","geometry":{"type":"Point","coordinates":[-87.9040572,30.6197719]},"properties":{"title":47,"full_address":"27060 US Hwy 98, Daphne, AL, 36526","Division":"LOX","AHEAD Division":"FR26","Store no.":47,"AHEAD Store":"L987","Street":"27060 US Hwy 98","City":"Daphne","State":"AL","Telephone store":"251-304-5842","County":"Baldwin","Zipcode ":36526,"Property type":"Land Lease","DateOpened":"7/27/2022","District Manager":"McKinley, Lachelle","Store Manager":"Lien, Lisa M.","Dir of Store Ops":"Rhodes, Philip","Division VP":"Moore, Heather M."}},{"type":"Feature","geometry":{"type":"Point","coordinates":[-88.7652299,30.4107371]},"properties":{"title":48,"full_address":"3801 Bienville Blvd, Ocean Springs, MS, 39564","Division":"LOX","AHEAD Division":"FR26","Store no.":48,"AHEAD Store":"FE12","Street":"3801 Bienville Blvd","City":"Ocean Springs","State":"MS","Telephone store":"228-357-7005","County":"Jackson","Zipcode ":39564,"Property type":"Owned","DateOpened":"8/24/2022","District Manager":"Allen, Blake","Store Manager":"Eriquez, Asure","Dir of Store Ops":"Hanson, Leah N.","Division VP":"Moore, Heather M."}},{"type":"Feature","geometry":null,"properties":{"title":52,"full_address":"130 E Pride Blvd, Foley, AL, 36535","Division":"LOX","AHEAD Division":"FR26","Store no.":52,"AHEAD Store":"L989","Street":"130 E Pride Blvd","City":"Foley","State":"AL","Telephone store":"251-480-0017","County":"Baldwin","Zipcode ":36535,"Property type":"Owned","DateOpened":"4/13/2022","District Manager":"Stevens, Cole","Store Manager":"Novy, David W.","Dir of Store Ops":"Rhodes, Philip","Division VP":"Moore, Heather M."}},{"type":"Feature","geometry":{"type":"Point","coordinates":[-88.5284259,30.3773237]},"properties":{"title":53,"full_address":"3809 Denny Ave, Pascagoula, MS, 39581","Division":"LOX","AHEAD Division":"FR26","Store no.":53,"AHEAD Store":"FF77","Street":"3809 Denny Ave","City":"Pascagoula","State":"MS","Telephone store":"228-203-1370","County":"Jackson","Zipcode ":39581,"Property type":"Owned","DateOpened":"4/24/2024","District Manager":"Allen, Blake","Store Manager":"Cruz, Luis","Dir of Store Ops":"Hanson, Leah N.","Division VP":"Moore, Heather M."}},{"type":"Feature","geometry":{"type":"Point","coordinates":[-87.2814516,30.4404742]},"properties":{"title":56,"full_address":"4830 Mobile Hwy, Pensacola, FL, 32506","Division":"LOX","AHEAD Division":"FR26","Store no.":56,"AHEAD Store":"L990","Street":"4830 Mobile Hwy","City":"Pensacola","State":"FL","Telephone store":"850-706-5474","County":"Escambia","Zipcode ":32506,"Property type":"Owned","DateOpened":"5/4/2022","District Manager":"Stevens, Cole","Store Manager":"Ravel, Christopher","Dir of Store Ops":"Rhodes, Philip","Division VP":"Moore, Heather M."}},{"type":"Feature","geometry":{"type":"Point","coordinates":[-87.3569591,30.3617935]},"properties":{"title":57,"full_address":"2950 S Blue Angel Pkwy, 600, Pensacola, FL, 32506","Division":"LOX","AHEAD Division":"FR26","Store no.":57,"AHEAD Store":"L991","Street":"2950 S Blue Angel Pkwy, 600","City":"Pensacola","State":"FL","Telephone store":"850-706-5245","County":"Escambia","Zipcode ":32506,"Property type":"Owned","DateOpened":"4/6/2022","District Manager":"Stevens, Cole","Store Manager":"Bolling, Ronald","Dir of Store Ops":"Rhodes, Philip","Division VP":"Moore, Heather M."}},{"type":"Feature","geometry":{"type":"Point","coordinates":[-86.8542477,30.4040302]},"properties":{"title":58,"full_address":"8816 Navarre Parkway, Navarre, FL, 32566","Division":"LOX","AHEAD Division":"FR26","Store no.":58,"AHEAD Store":"L992","Street":"8816 Navarre Parkway","City":"Navarre","State":"FL","Telephone store":"850-706-5267","County":"Santa Rosa","Zipcode ":32566,"Property type":"Owned","DateOpened":"3/9/2022","District Manager":"McKinley, Lachelle","Store Manager":"Harrer, Camry","Dir of Store Ops":"Rhodes, Philip","Division VP":"Moore, Heather M."}},{"type":"Feature","geometry":null,"properties":{"title":59,"full_address":"4770 US-90 W, Pace, FL, 32571","Division":"LOX","AHEAD Division":"FR26","Store no.":59,"AHEAD Store":"FE13","Street":"4770 US-90 W","City":"Pace","State":"FL","Telephone store":"850-738-7793","County":"Santa Rosa","Zipcode ":32571,"Property type":"Land Lease","DateOpened":"9/14/2022","District Manager":"McKinley, Lachelle","Store Manager":"Granger II Daniel","Dir of Store Ops":"Rhodes, Philip","Division VP":"Moore, Heather M."}},{"type":"Feature","geometry":null,"properties":{"title":60,"full_address":"2680 S Ferdon Blvd Unit 201, Crestview, FL, 32536","Division":"LOX","AHEAD Division":"FR26","Store no.":60,"AHEAD Store":"FF78","Street":"2680 S Ferdon Blvd Unit 201","City":"Crestview","State":"FL","Telephone store":"448-444-5660","County":"Okaloosa","Zipcode ":32536,"Property type":"Land Lease","DateOpened":"5/17/2023","District Manager":"Brooks, Kaleb","Store Manager":"Maloney, Mary","Dir of Store Ops":"Rhodes, Philip","Division VP":"Moore, Heather M."}},{"type":"Feature","geometry":null,"properties":{"title":61,"full_address":"1030 John Sims Pkwy E, Niceville, FL, 32578","Division":"LOX","AHEAD Division":"FR26","Store no.":61,"AHEAD Store":"FE14","Street":"1030 John Sims Pkwy E","City":"Niceville","State":"FL","Telephone store":"850-757-0706","County":"Okaloosa","Zipcode ":32578,"Property type":"Land Lease","DateOpened":"6/22/2022","District Manager":"Brooks, Kaleb","Store Manager":"Harrer, Camry","Dir of Store Ops":"Rhodes, Philip","Division VP":"Moore, Heather M."}},{"type":"Feature","geometry":{"type":"Point","coordinates":[-85.5929381,30.1596632]},"properties":{"title":63,"full_address":"5500 East 7th Street, Callaway, FL, 32404","Division":"LOX","AHEAD Division":"FR26","Store no.":63,"AHEAD Store":"FE45","Street":"5500 East 7th Street","City":"Callaway","State":"FL","Telephone store":"850-757-0093","County":"Bay","Zipcode ":32404,"Property type":"Land Lease","DateOpened":"2/22/2023","District Manager":"Woodruff, Karen","Store Manager":"Cole, Donald W.","Dir of Store Ops":"Rhodes, Philip","Division VP":"Moore, Heather M."}},{"type":"Feature","geometry":null,"properties":{"title":64,"full_address":"2260 S Hwy 77, Lynn Haven, FL, 32444","Division":"LOX","AHEAD Division":"FR26","Store no.":64,"AHEAD Store":"FE15","Street":"2260 S Hwy 77","City":"Lynn Haven","State":"FL","Telephone store":"985-243-0064","County":"Bay","Zipcode ":32444,"Property type":"Owned","DateOpened":"8/24/2022","District Manager":"Woodruff, Karen","Store Manager":"Cambra, Regina M.","Dir of Store Ops":"Rhodes, Philip","Division VP":"Moore, Heather M."}},{"type":"Feature","geometry":{"type":"Point","coordinates":[-89.8272712,30.3048258]},"properties":{"title":67,"full_address":"137 Northshore Blvd, Slidell, LA, 70460","Division":"LOX","AHEAD Division":"FR26","Store no.":67,"AHEAD Store":"FE16","Street":"137 Northshore Blvd","City":"Slidell","State":"LA","Telephone store":"985-243-0064","County":"St. Tammany Parish","Zipcode ":70460,"Property type":"Owned","DateOpened":"6/1/2022","District Manager":"Loeffler, Tessa","Store Manager":"Smith, Perrilynn","Dir of Store Ops":"Hanson, Leah N.","Division VP":"Moore, Heather M."}},{"type":"Feature","geometry":null,"properties":{"title":68,"full_address":"4957 Promenade Blvd, Marrero, LA, 70072","Division":"LOX","AHEAD Division":"FR26","Store no.":68,"AHEAD Store":"FE17","Street":"4957 Promenade Blvd","City":"Marrero","State":"LA","Telephone store":"504-688-2610","County":"Jefferson","Zipcode ":70072,"Property type":"Owned","DateOpened":"11/15/2023","District Manager":"Young, Kiaya","Store Manager":"Story Maness, Morgan A.","Dir of Store Ops":"Hanson, Leah N.","Division VP":"Moore, Heather M."}},{"type":"Feature","geometry":{"type":"Point","coordinates":[-90.4998523,30.0731385]},"properties":{"title":69,"full_address":"1910 W Airline Hwy, Laplace, LA, 70068","Division":"LOX","AHEAD Division":"FR26","Store no.":69,"AHEAD Store":"FE18","Street":"1910 W Airline Hwy","City":"Laplace","State":"LA","Telephone store":"985-243-0031","County":"St John the Baptist","Zipcode ":70068,"Property type":"Owned","DateOpened":"10/19/2022","District Manager":"Stroble, Cade A.","Store Manager":"Patterson, Eric","Dir of Store Ops":"Hanson, Leah N.","Division VP":"Moore, Heather M."}},{"type":"Feature","geometry":null,"properties":{"title":70,"full_address":"101 Primos Rd, Flowood, MS, 39232","Division":"LOX","AHEAD Division":"FR26","Store no.":70,"AHEAD Store":"FF80","Street":"101 Primos Rd","City":"Flowood","State":"MS","Telephone store":"601-621-7560","County":"Rankin","Zipcode ":39232,"Property type":"Owned","DateOpened":"6/7/2023","District Manager":"Milnes, Greg","Store Manager":"Lott, Anna M.","Dir of Store Ops":"Hanson, Leah N.","Division VP":"Moore, Heather M."}},{"type":"Feature","geometry":{"type":"Point","coordinates":[-91.0064656,30.4343901]},"properties":{"title":71,"full_address":"2385 O'Neal Ln, Baton Rouge, LA, 70816","Division":"LOX","AHEAD Division":"FR26","Store no.":71,"AHEAD Store":"FF81","Street":"2385 O'Neal Ln","City":"Baton Rouge","State":"LA","Telephone store":"225-468-3430","County":"East Baton Rouge","Zipcode ":70816,"Property type":"Owned","DateOpened":"1/17/2024","District Manager":"Wilson, Mary Margaret","Store Manager":"Davis, Cieara M.","Dir of Store Ops":"Hanson, Leah N.","Division VP":"Moore, Heather M."}},{"type":"Feature","geometry":{"type":"Point","coordinates":[-83.953331,30.854833]},"properties":{"title":72,"full_address":"1530 E Jackson St, Thomasville, GA, 31792","Division":"LOX","AHEAD Division":"FR26","Store no.":72,"AHEAD Store":"FK90","Street":"1530 E Jackson St","City":"Thomasville","State":"GA","Telephone store":"229-355-4430","County":"Thomas","Zipcode ":31792,"Property type":"Owned","DateOpened":"9/18/2024","District Manager":"Lukacs, Levente L.","Store Manager":"Ohlsson, Eric","Dir of Store Ops":"Rhodes, Philip","Division VP":"Moore, Heather M."}},{"type":"Feature","geometry":null,"properties":{"title":73,"full_address":"14350 Grand Settlement Blvd, Baton Rouge, LA, 70818","Division":"LOX","AHEAD Division":"FR26","Store no.":73,"AHEAD Store":"FE36","Street":"14350 Grand Settlement Blvd","City":"Baton Rouge","State":"LA","Telephone store":"225-320-3874","County":"East Baton Rouge","Zipcode ":70818,"Property type":"Owned","DateOpened":"8/30/2023","District Manager":"Wilson, Mary Margaret","Store Manager":"Delgado, Michael A.","Dir of Store Ops":"Hanson, Leah N.","Division VP":"Moore, Heather M."}},{"type":"Feature","geometry":null,"properties":{"title":75,"full_address":"671 Hwy 12 W, Starkville, MS, 39759","Division":"LOX","AHEAD Division":"FR26","Store no.":75,"AHEAD Store":"FE29","Street":"671 Hwy 12 W","City":"Starkville","State":"MS","Telephone store":"601-621-7205","County":"Oktibbeha","Zipcode ":39759,"Property type":"Land Lease","DateOpened":"12/14/2022","District Manager":"Milnes, Greg","Store Manager":"Beard, Austin","Dir of Store Ops":"Hanson, Leah N.","Division VP":"Moore, Heather M."}},{"type":"Feature","geometry":{"type":"Point","coordinates":[-88.6724008,32.3639597]},"properties":{"title":76,"full_address":"131 S. Frontage Road, Meridian, MS, 39301","Division":"LOX","AHEAD Division":"FR26","Store no.":76,"AHEAD Store":"FE19","Street":"131 S. Frontage Road","City":"Meridian","State":"MS","Telephone store":"601-621-7130","County":"Lauderdale","Zipcode ":39301,"Property type":"Leased","DateOpened":"8/31/2022","District Manager":"Milnes, Greg","Store Manager":"Wriston, Evelyn","Dir of Store Ops":"Hanson, Leah N.","Division VP":"Moore, Heather M."},"id":33},{"type":"Feature","geometry":{"type":"Point","coordinates":[-87.6149958,33.2337912]},"properties":{"title":77,"full_address":"5801 McFarland Blvd, Northport, AL, 35476","Division":"LOX","AHEAD Division":"FR26","Store no.":77,"AHEAD Store":"L305","Street":"5801 McFarland Blvd","City":"Northport","State":"AL","Telephone store":"205-564-1058","County":"Tuscaloosa","Zipcode ":35476,"Property type":"Owned","DateOpened":"10/30/2019","District Manager":"Ritzel Jr., James","Store Manager":"Robichaud, Brady","Dir of Store Ops":"Rhodes, Philip","Division VP":"Moore, Heather M."}},{"type":"Feature","geometry":{"type":"Point","coordinates":[-92.0480332,30.1561081]},"properties":{"title":79,"full_address":"4518 Ambassador Caffery Pkwy, Lafayette, LA, 70508","Division":"LOX","AHEAD Division":"FR26","Store no.":79,"AHEAD Store":"FB21","Street":"4518 Ambassador Caffery Pkwy","City":"Lafayette","State":"LA","Telephone store":"337-282-5005","County":"Lafayette","Zipcode ":70508,"Property type":"Leased","DateOpened":"2/9/2022","District Manager":"Groce, Morgan A.","Store Manager":"Spring, Audrey M.","Dir of Store Ops":"Hanson, Leah N.","Division VP":"Moore, Heather M."}},{"type":"Feature","geometry":{"type":"Point","coordinates":[-91.8216337,29.9845271]},"properties":{"title":81,"full_address":"1102 East Admiral Doyle Dr, New Iberia, LA, 70560","Division":"LOX","AHEAD Division":"FR26","Store no.":81,"AHEAD Store":"FB22","Street":"1102 East Admiral Doyle Dr","City":"New Iberia","State":"LA","Telephone store":"337-282-5060","County":"Iberia","Zipcode ":70560,"Property type":"Leased","DateOpened":"5/4/2022","District Manager":"Groce, Morgan A.","Store Manager":"Edler, Kyle J.","Dir of Store Ops":"Hanson, Leah N.","Division VP":"Moore, Heather M."}},{"type":"Feature","geometry":{"type":"Point","coordinates":[-91.0667344,30.3843488]},"properties":{"title":83,"full_address":"10201 N Reiger Rd, Baton Rouge, LA, 70809","Division":"LOX","AHEAD Division":"FR26","Store no.":83,"AHEAD Store":"FE37","Street":"10201 N Reiger Rd","City":"Baton Rouge","State":"LA","Telephone store":"225-339-4170","County":"East Baton Rouge","Zipcode ":70809,"Property type":"Owned","DateOpened":"12/14/2023","District Manager":"Wilson, Mary Margaret","Store Manager":"Briley, Tim","Dir of Store Ops":"Hanson, Leah N.","Division VP":"Moore, Heather M."}},{"type":"Feature","geometry":{"type":"Point","coordinates":[-90.2264114,30.0071192]},"properties":{"title":84,"full_address":"8855 Veterans Memorial Blvd, Metairie, LA, 70003","Division":"LOX","AHEAD Division":"FR26","Store no.":84,"AHEAD Store":"FE20","Street":"8855 Veterans Memorial Blvd","City":"Metairie","State":"LA","Telephone store":"504-224-7708","County":"Jefferson","Zipcode ":70003,"Property type":"Leased","DateOpened":"12/22/2022","District Manager":"Stroble, Cade A.","Store Manager":"Crabtree III, John B.","Dir of Store Ops":"Hanson, Leah N.","Division VP":"Moore, Heather M."}},{"type":"Feature","geometry":{"type":"Point","coordinates":[-91.9906747,30.2655716]},"properties":{"title":85,"full_address":"3210 Louisiana Ave, Lafayette, LA, 70501","Division":"LOX","AHEAD Division":"FR26","Store no.":85,"AHEAD Store":"FB23","Street":"3210 Louisiana Ave","City":"Lafayette","State":"LA","Telephone store":"337-282-5043","County":"Lafayette","Zipcode ":70501,"Property type":"Land Lease","DateOpened":"11/16/2022","District Manager":"Groce, Morgan A.","Store Manager":"Hawkins, LaShawntel S.","Dir of Store Ops":"Hanson, Leah N.","Division VP":"Moore, Heather M."}},{"type":"Feature","geometry":{"type":"Point","coordinates":[-90.0853547,30.4372453]},"properties":{"title":86,"full_address":"123 Holiday Blvd, Covington, LA, 70433","Division":"LOX","AHEAD Division":"FR26","Store no.":86,"AHEAD Store":"FE21","Street":"123 Holiday Blvd","City":"Covington","State":"LA","Telephone store":"985-243-0133","County":"St. Tammany","Zipcode ":70433,"Property type":"Land Lease","DateOpened":"1/18/2023","District Manager":"Young, Kiaya","Store Manager":"Turner, Christopher","Dir of Store Ops":"Hanson, Leah N.","Division VP":"Moore, Heather M."}},{"type":"Feature","geometry":{"type":"Point","coordinates":[-90.4778113,31.2622103]},"properties":{"title":88,"full_address":"105 Edgewood Dr, Mccomb, MS, 39648","Division":"LOX","AHEAD Division":"FR26","Store no.":88,"AHEAD Store":"FE28","Street":"105 Edgewood Dr","City":"Mccomb","State":"MS","Telephone store":"534-220-3800","County":"Pike","Zipcode ":39648,"Property type":"Leased","DateOpened":"1/18/2023","District Manager":"Watts, Jarrod M.","Store Manager":"Marshall, Darion A.","Dir of Store Ops":"Hanson, Leah N.","Division VP":"Moore, Heather M."}},{"type":"Feature","geometry":null,"properties":{"title":89,"full_address":"6042 U S Hwy 98, Hattiesburg, MS, 39402","Division":"LOX","AHEAD Division":"FR26","Store no.":89,"AHEAD Store":"FF84","Street":"6042 U S Hwy 98","City":"Hattiesburg","State":"MS","Telephone store":"769-249-4020","County":"Lamar","Zipcode ":39402,"Property type":"Land Lease","DateOpened":"12/7/2023","District Manager":"Watts, Jarrod M.","Store Manager":"Newman, Blake A.","Dir of Store Ops":"Hanson, Leah N.","Division VP":"Moore, Heather M."}},{"type":"Feature","geometry":{"type":"Point","coordinates":[-84.2399112,30.4276373]},"properties":{"title":90,"full_address":"2425 Apalachee Parkway, Tallahassee, FL, 32301","Division":"LOX","AHEAD Division":"FR26","Store no.":90,"AHEAD Store":"L782","Street":"2425 Apalachee Parkway","City":"Tallahassee","State":"FL","Telephone store":"850-332-9350","County":"Leon","Zipcode ":32301,"Property type":"Land Lease","DateOpened":"4/30/2021","District Manager":"Lukacs, Levente L.","Store Manager":"Hopson, Jalisa C.","Dir of Store Ops":"Rhodes, Philip","Division VP":"Moore, Heather M."}},{"type":"Feature","geometry":{"type":"Point","coordinates":[-90.7463085,29.6074439]},"properties":{"title":91,"full_address":"1520 Martin Luther King Blvd, Houma, LA, 70360","Division":"LOX","AHEAD Division":"FR26","Store no.":91,"AHEAD Store":"FF85","Street":"1520 Martin Luther King Blvd","City":"Houma","State":"LA","Telephone store":"985-334-4270","County":"Terrebonne Parish","Zipcode ":70360,"Property type":"Owned","DateOpened":"1/17/2024","District Manager":"Stroble, Cade A.","Store Manager":"Chen, Richard","Dir of Store Ops":"Hanson, Leah N.","Division VP":"Moore, Heather M."}},{"type":"Feature","geometry":{"type":"Point","coordinates":[-90.8193897,29.8054576]},"properties":{"title":92,"full_address":"32 Rienzi Dr, Thibodaux, LA, 70301","Division":"LOX","AHEAD Division":"FR26","Store no.":92,"AHEAD Store":"FF86","Street":"32 Rienzi Dr","City":"Thibodaux","State":"LA","Telephone store":"985-277-9912","County":"Lafourche","Zipcode ":70301,"Property type":"Land Lease","DateOpened":"7/12/2023","District Manager":"Stroble, Cade A.","Store Manager":"Alviar, Azaria","Dir of Store Ops":"Hanson, Leah N.","Division VP":"Moore, Heather M."}},{"type":"Feature","geometry":null,"properties":{"title":95,"full_address":"2020 W Pensacola St Ste 300, Tallahassee, FL, 32304","Division":"LOX","AHEAD Division":"FR26","Store no.":95,"AHEAD Store":"L783","Street":"2020 W Pensacola St Ste 300","City":"Tallahassee","State":"FL","Telephone store":"850-601-9249","County":"Leon","Zipcode ":32304,"Property type":"Owned","DateOpened":"8/18/2021","District Manager":"Lukacs, Levente L.","Store Manager":"Pipes, Brittany","Dir of Store Ops":"Rhodes, Philip","Division VP":"Moore, Heather M."}},{"type":"Feature","geometry":{"type":"Point","coordinates":[-85.8643376,31.3333057]},"properties":{"title":96,"full_address":"630 Boll Weevil Cir, Enterprise, AL, 36330","Division":"LOX","AHEAD Division":"FR26","Store no.":96,"AHEAD Store":"FF88","Street":"630 Boll Weevil Cir","City":"Enterprise","State":"AL","Telephone store":"334-457-7030","County":"Coffee","Zipcode ":36330,"Property type":"Leased","DateOpened":"11/1/2023","District Manager":"Leder, Jimi","Store Manager":"Taylor, Melissa","Dir of Store Ops":"Rhodes, Philip","Division VP":"Moore, Heather M."}},{"type":"Feature","geometry":{"type":"Point","coordinates":[-90.1973206,29.9781004]},"properties":{"title":141,"full_address":"5901 Airline Drive, Metairie, LA, 70003","Division":"LOX","AHEAD Division":"FR26","Store no.":141,"AHEAD Store":"FK96","Street":"5901 Airline Drive","City":"Metairie","State":"LA","Telephone store":"504-689-5430","County":"Jefferson","Zipcode ":70003,"Property type":"Leased","DateOpened":"12/19/2024","District Manager":"Young, Kiaya","Store Manager":"Muse, Ashley","Dir of Store Ops":"Hanson, Leah N.","Division VP":"Moore, Heather M."}},{"type":"Feature","geometry":null,"properties":{"title":144,"full_address":"12125 US Hwy. 90, Luling, LA, 70070","Division":"LOX","AHEAD Division":"FR26","Store no.":144,"AHEAD Store":"FK97","Street":"12125 US Hwy. 90","City":"Luling","State":"LA","Telephone store":"985-298-3570","County":"Saint Charles","Zipcode ":70070,"Property type":"Leased","DateOpened":"2025-06-26T00:00:00","District Manager":"Stroble, Cade A.","Store Manager":"Alexander Jr., Louis","Dir of Store Ops":"Hanson, Leah N.","Division VP":"Moore, Heather M."}},{"type":"Feature","geometry":{"type":"Point","coordinates":[-90.0328174,29.8885496]},"properties":{"title":145,"full_address":"2112 Belle Chasse Hwy., Terrytown, LA, 70056","Division":"LOX","AHEAD Division":"FR26","Store no.":145,"AHEAD Store":"FP08","Street":"2112 Belle Chasse Hwy.","City":"Terrytown","State":"LA","Telephone store":"504-318-0250","County":"Jefferson","Zipcode ":70056,"Property type":"Leased","DateOpened":"2025-06-26T00:00:00","District Manager":"Young, Kiaya","Store Manager":"Brittain, Elijah V.","Dir of Store Ops":"Hanson, Leah N.","Division VP":"Moore, Heather M."}},{"type":"Feature","geometry":{"type":"Point","coordinates":[-90.013801,29.9231869]},"properties":{"title":146,"full_address":"3008 Holiday Drive, New Orleans, LA, 70131","Division":"LOX","AHEAD Division":"FR26","Store no.":146,"AHEAD Store":"FK85","Street":"3008 Holiday Drive","City":"New Orleans","State":"LA","Telephone store":"504-318-9390","County":"Orleans","Zipcode ":70131,"Property type":"Leased","DateOpened":"2025-07-28T00:00:00","District Manager":"Loeffler, Tessa","Store Manager":"Henly, Jadith G.","Dir of Store Ops":"Hanson, Leah N.","Division VP":"Moore, Heather M."}},{"type":"Feature","geometry":{"type":"Point","coordinates":[-90.5206937,30.72802]},"properties":{"title":149,"full_address":"804 W. Oak Street, Amite, LA, 70422","Division":"LOX","AHEAD Division":"FR26","Store no.":149,"AHEAD Store":"FP01","Street":"804 W. Oak Street","City":"Amite","State":"LA","Telephone store":"985-334-5310","County":"Tangipahoa","Zipcode ":70422,"Property type":"Leased","DateOpened":"3/12/2025","District Manager":"Watts, Jarrod M.","Store Manager":"Smith Jr., Frank A.","Dir of Store Ops":"Hanson, Leah N.","Division VP":"Moore, Heather M."}},{"type":"Feature","geometry":{"type":"Point","coordinates":[-89.7307593,30.2883371]},"properties":{"title":152,"full_address":"2985 Gause Blvd. E., Slidell, LA, 70461","Division":"LOX","AHEAD Division":"FR26","Store no.":152,"AHEAD Store":"FP23","Street":"2985 Gause Blvd. E.","City":"Slidell","State":"LA","Telephone store":"225-515-4150","County":"St. Tammany","Zipcode ":70461,"Property type":"Leased","DateOpened":"2025-09-25T00:00:00","District Manager":"Loeffler, Tessa","Store Manager":"Brumfield, Brittany","Dir of Store Ops":"Hanson, Leah N.","Division VP":"Moore, Heather M."}},{"type":"Feature","geometry":null,"properties":{"title":153,"full_address":"10511 D'Iberville Blvd., D'Iberville, LA, 39540","Division":"LOX","AHEAD Division":"FR26","Store no.":153,"AHEAD Store":"FP02","Street":"10511 D'Iberville Blvd.","City":"D'Iberville","State":"LA","Telephone store":"228-299-3500","County":"Harrison","Zipcode ":39540,"Property type":"Leased","DateOpened":"2025-04-23T00:00:00","District Manager":"Allen, Blake","Store Manager":"Stone, Alyssa M.","Dir of Store Ops":"Hanson, Leah N.","Division VP":"Moore, Heather M."}},{"type":"Feature","geometry":{"type":"Point","coordinates":[-90.486795,30.5024034]},"properties":{"title":157,"full_address":"2302 W. Thomas Street, Hammond, LA, 70401","Division":"LOX","AHEAD Division":"FR26","Store no.":157,"AHEAD Store":"FP25","Street":"2302 W. Thomas Street","City":"Hammond","State":"LA","Telephone store":"985-334-360","County":"Tangipahoa","Zipcode ":70401,"Property type":"Leased","DateOpened":"2025-09-25T00:00:00","District Manager":"Young, Kiaya","Store Manager":"Christopher, Dylan","Dir of Store Ops":"Hanson, Leah N.","Division VP":"Moore, Heather M."}},{"type":"Feature","geometry":{"type":"Point","coordinates":[-90.983158,30.3343912]},"properties":{"title":159,"full_address":"17682 Airline Hwy, Prairieville, LA, 70769","Division":"LOX","AHEAD Division":"FR26","Store no.":159,"AHEAD Store":"FP03","Street":"17682 Airline Hwy","City":"Prairieville","State":"LA","Telephone store":"225-515-4150","County":"Ascension","Zipcode ":70769,"Property type":"Leased","DateOpened":"2025-05-14T00:00:00","District Manager":"Wilson, Mary Margaret","Store Manager":"Weddington, Torian","Dir of Store Ops":"Hanson, Leah N.","Division VP":"Moore, Heather M."},"id":56},{"type":"Feature","geometry":{"type":"Point","coordinates":[-84.2155912,32.0753437]},"properties":{"title":167,"full_address":"1208 Crawford St., Americus, GA, 31709","Division":"LOX","AHEAD Division":"FR26","Store no.":167,"AHEAD Store":"FP13","Street":"1208 Crawford St.","City":"Americus","State":"GA","Telephone store":"229-458-9670","County":"Sumter","Zipcode ":31709,"Property type":"Leased","DateOpened":"2025-05-29T00:00:00","District Manager":"McKenzie, Collis","Store Manager":"Mack, Torrey D.","Dir of Store Ops":"Rhodes, Philip","Division VP":"Moore, Heather M."}},{"type":"Feature","geometry":{"type":"Point","coordinates":[-84.565345,30.9040591]},"properties":{"title":169,"full_address":"915 E Shotwell St, Bainbridge, GA, 39819","Division":"LOX","AHEAD Division":"FR26","Store no.":169,"AHEAD Store":"FP38","Street":"915 E Shotwell St","City":"Bainbridge","State":"GA","Telephone store":"229-458-9640","County":"Decatur","Zipcode ":39819,"Property type":"Leased","DateOpened":"4/16/2025","District Manager":"Leder, Jimi","Store Manager":"Redmon-McCloud, Adaina M.","Dir of Store Ops":"Rhodes, Philip","Division VP":"Moore, Heather M."}},{"type":"Feature","geometry":{"type":"Point","coordinates":[-88.257116,30.7801293]},"properties":{"title":174,"full_address":"9082 Moffett Road, Semmes, AL, 36575","Division":"LOX","AHEAD Division":"FR26","Store no.":174,"AHEAD Store":"FP05","Street":"9082 Moffett Road","City":"Semmes","State":"AL","Telephone store":"251-374-0990","County":"Mobile","Zipcode ":36575,"Property type":"Leased","DateOpened":"2025-05-22T00:00:00","District Manager":"York, Priscilla","Store Manager":"Ward, Samantha H.","Dir of Store Ops":"Hanson, Leah N.","Division VP":"Moore, Heather M."}},{"type":"Feature","geometry":{"type":"Point","coordinates":[-91.1506275,30.6505341]},"properties":{"title":181,"full_address":"5005 Church Street, Zachary, LA, 70791","Division":"LOX","AHEAD Division":"FR26","Store no.":181,"AHEAD Store":"FP14","Street":"5005 Church Street","City":"Zachary","State":"LA","Telephone store":"225-515-4180","County":"East baton Rouge","Zipcode ":70791,"Property type":null,"DateOpened":"2025-10-09T00:00:00","District Manager":"Groce, Morgan A.","Store Manager":"Royal, Horace","Dir of Store Ops":"Hanson, Leah N.","Division VP":"Moore, Heather M."}},{"type":"Feature","geometry":{"type":"Point","coordinates":[-84.596211,30.586463]},"properties":{"title":184,"full_address":"1600 W Jefferson St, Quincy, FL, 32351","Division":"LOX","AHEAD Division":"FR26","Store no.":184,"AHEAD Store":"FF95","Street":"1600 W Jefferson St","City":"Quincy","State":"FL","Telephone store":"448-200-3570","County":"Gadsden","Zipcode ":32351,"Property type":"Leased","DateOpened":"4/16/2025","District Manager":"Leder, Jimi","Store Manager":"Sabari, Jordan","Dir of Store Ops":"Rhodes, Philip","Division VP":"Moore, Heather M."}},{"type":"Feature","geometry":{"type":"Point","coordinates":[-84.3702497,30.1923261]},"properties":{"title":186,"full_address":"2629 Crawfordville Hwy, Crawfordville, FL, 32327","Division":"LOX","AHEAD Division":"FR26","Store no.":186,"AHEAD Store":"FK98","Street":"2629 Crawfordville Hwy","City":"Crawfordville","State":"FL","Telephone store":"448-200-3940","County":"Wakulla","Zipcode ":32327,"Property type":"Leased","DateOpened":"2025-07-24T00:00:00","District Manager":"Lukacs, Levente L.","Store Manager":"Taylor, Michael","Dir of Store Ops":"Rhodes, Philip","Division VP":"Moore, Heather M."}},{"type":"Feature","geometry":{"type":"Point","coordinates":[-85.7030533,30.1886643]},"properties":{"title":187,"full_address":"3157 West 23rd Street, Panama City, FL, 32405","Division":"LOX","AHEAD Division":"FR26","Store no.":187,"AHEAD Store":"FF79","Street":"3157 West 23rd Street","City":"Panama City","State":"FL","Telephone store":"448-203-1670","County":"Bay","Zipcode ":32405,"Property type":"Leased","DateOpened":"3/5/2025","District Manager":"Woodruff, Karen","Store Manager":"Walker, Chelsey","Dir of Store Ops":"Rhodes, Philip","Division VP":"Moore, Heather M."}},{"type":"Feature","geometry":{"type":"Point","coordinates":[-85.9732544,30.2631394]},"properties":{"title":188,"full_address":"23200 Front Beach Road, Panama City, FL, 32413","Division":"LOX","AHEAD Division":"FR26","Store no.":188,"AHEAD Store":"FF74","Street":"23200 Front Beach Road","City":"Panama City","State":"FL","Telephone store":"448-200-2510","County":"Bay","Zipcode ":32413,"Property type":"Leased","DateOpened":"2/19/2025","District Manager":"Woodruff, Karen","Store Manager":"Harrer, Camry","Dir of Store Ops":"Rhodes, Philip","Division VP":"Moore, Heather M."}},{"type":"Feature","geometry":{"type":"Point","coordinates":[-87.054208,30.631897]},"properties":{"title":189,"full_address":"5428 Dogwood Drive, Milton, FL, 32570","Division":"LOX","AHEAD Division":"FR26","Store no.":189,"AHEAD Store":"FP26","Street":"5428 Dogwood Drive","City":"Milton","State":"FL","Telephone store":"448-203-1600","County":"Santa Rosa","Zipcode ":32570,"Property type":"Leased","DateOpened":"2025-10-01T00:00:00","District Manager":"McKinley, Lachelle","Store Manager":"Smith, Brent A. ","Dir of Store Ops":"Rhodes, Philip","Division VP":"Moore, Heather M."}},{"type":"Feature","geometry":{"type":"Point","coordinates":[-89.7840406,30.261982]},"properties":{"title":204,"full_address":"3030 Pontchartrain Dr, Slidell, LA, 70458","Division":"LOX","AHEAD Division":"FR26","Store no.":204,"AHEAD Store":"FP09","Street":"3030 Pontchartrain Dr","City":"Slidell","State":"LA","Telephone store":"985-334-5390","County":"Saint Tammany","Zipcode ":70458,"Property type":"Leased","DateOpened":"3/26/2025","District Manager":"Loeffler, Tessa","Store Manager":"Doucet, Joseph","Dir of Store Ops":"Hanson, Leah N.","Division VP":"Moore, Heather M."}},{"type":"Feature","geometry":{"type":"Point","coordinates":[-87.260344,30.5342085]},"properties":{"title":206,"full_address":"312 E Nine Mile Rd, Pensacola, FL, 32514","Division":"LOX","AHEAD Division":"FR26","Store no.":206,"AHEAD Store":"FP10","Street":"312 E Nine Mile Rd","City":"Pensacola","State":"FL","Telephone store":"448-200-3580","County":"Escambia","Zipcode ":32514,"Property type":"Leased","DateOpened":"3/12/2025","District Manager":"Stevens, Cole","Store Manager":"Figueroa, Louis M.","Dir of Store Ops":"Rhodes, Philip","Division VP":"Moore, Heather M."}},{"type":"Feature","geometry":{"type":"Point","coordinates":[-87.5545483,33.2365798]},"properties":{"title":228,"full_address":"10 Mcfarland Blvd., Northport, AL, 35476","Division":"LOX","AHEAD Division":"FR26","Store no.":228,"AHEAD Store":"FP12","Street":"10 Mcfarland Blvd.","City":"Northport","State":"AL","Telephone store":"659-216-5070","County":"Tuscaloosa","Zipcode ":35476,"Property type":"Leased","DateOpened":"2/19/2025","District Manager":"Ritzel Jr., James","Store Manager":"Carr, William","Dir of Store Ops":"Rhodes, Philip","Division VP":"Moore, Heather M."}},{"type":"Feature","geometry":{"type":"Point","coordinates":[-88.0753466,30.6804593]},"properties":{"title":233,"full_address":"1550 Government Street, Mobile, AL, 36604","Division":"LOX","AHEAD Division":"FR26","Store no.":233,"AHEAD Store":"FP17","Street":"1550 Government Street","City":"Mobile","State":"AL","Telephone store":"251-383-2080","County":"Mobile","Zipcode ":36604,"Property type":"Leased","DateOpened":"2/26/2025","District Manager":"York, Priscilla","Store Manager":"Adams, Shaundra","Dir of Store Ops":"Hanson, Leah N.","Division VP":"Moore, Heather M."}},{"type":"Feature","geometry":{"type":"Point","coordinates":[-83.7605275,31.9615406]},"properties":{"title":236,"full_address":"1011 E 16th Ave. , Cordele, GA, 31015","Division":"LOX","AHEAD Division":"FR26","Store no.":236,"AHEAD Store":"FP27","Street":"1011 E 16th Ave. ","City":"Cordele","State":"GA","Telephone store":"229-351-1890","County":"Crisp","Zipcode ":31015,"Property type":null,"DateOpened":"2025-10-09T00:00:00","District Manager":"McKenzie, Collis","Store Manager":"Ward, Daniel","Dir of Store Ops":"Rhodes, Philip","Division VP":"Moore, Heather M."}},{"type":"Feature","geometry":{"type":"Point","coordinates":[-86.6401271,30.4474563]},"properties":{"title":241,"full_address":"798 Beal Parkway, Fort Walton Beach, FL, 32547","Division":"LOX","AHEAD Division":"FR26","Store no.":241,"AHEAD Store":"FF82","Street":"798 Beal Parkway","City":"Fort Walton Beach","State":"FL","Telephone store":"448-200-3930","County":"Okaloosa","Zipcode ":32547,"Property type":"Leased","DateOpened":"4/23/2025","District Manager":"Brooks, Kaleb","Store Manager":"Patterson, Whitney C.","Dir of Store Ops":"Rhodes, Philip","Division VP":"Moore, Heather M."}},{"type":"Feature","geometry":{"type":"Point","coordinates":[-87.065826,32.3982667]},"properties":{"title":243,"full_address":"1952 W. Dallas Ave. , Selma, AL, 36701","Division":"LOX","AHEAD Division":"FR26","Store no.":243,"AHEAD Store":"FP15","Street":"1952 W. Dallas Ave. ","City":"Selma","State":"AL","Telephone store":null,"County":null,"Zipcode ":36701,"Property type":null,"DateOpened":"2025-10-16T00:00:00","District Manager":"Wainwright, Richard A.","Store Manager":"Parten, Kimberly","Dir of Store Ops":"Rhodes, Philip","Division VP":"Moore, Heather M."}},{"type":"Feature","geometry":null,"properties":{"title":245,"full_address":"1061 US HWY. 280, Alexander City , AL, 35010","Division":"LOX","AHEAD Division":"FR26","Store no.":245,"AHEAD Store":"FP06","Street":"1061 US HWY. 280","City":"Alexander City ","State":"AL","Telephone store":"256-691-2250","County":"Tallapoosa","Zipcode ":35010,"Property type":"Leased","DateOpened":"2025-07-28T00:00:00","District Manager":"McKenzie, Collis","Store Manager":null,"Dir of Store Ops":"Rhodes, Philip","Division VP":"Moore, Heather M."}},{"type":"Feature","geometry":null,"properties":{"title":251,"full_address":"9750 Hwy. 69 South, Tuscaloosa, AL, 35405","Division":"LOX","AHEAD Division":"FR26","Store no.":251,"AHEAD Store":"FP39","Street":"9750 Hwy. 69 South","City":"Tuscaloosa","State":"AL","Telephone store":"(659) 216-5310","County":"Tuscaloosa","Zipcode ":35405,"Property type":"Leased","DateOpened":"2025-09-18T00:00:00","District Manager":"Ritzel Jr., James","Store Manager":"Dempsey, Desiree","Dir of Store Ops":"Rhodes, Philip","Division VP":"Moore, Heather M."}}]}
