{"type":"FeatureCollection","features":[{"type":"Feature","geometry":{"type":"Point","coordinates":[-86.4204651,32.4615713]},"properties":{"Division":"LOX","Ahead_Division":"FR26","Store_no":3,"Ahead_Store":"L970","Street":"1817 East Main Street","City":"Prattville","State":"AL","Zipcode":"","Telephone_store":"334-717-7221","County":null,"Property_type":null,"DateOpened":"2018-12-06 00:00:00","District_Manager":"Wainwright, Richard A.","Store_Manager":"Rausch, Holly N.","Dir_of_Store_Ops":"Rhodes, Philip","Division_VP":null,"lat":32.4615713,"lon":-86.4204651}},{"type":"Feature","geometry":{"type":"Point","coordinates":[-86.2195836,32.3564686]},"properties":{"Division":"LOX","Ahead_Division":"FR26","Store_no":5,"Ahead_Store":"L971","Street":"1568 Eastern Blvd","City":"Montgomery","State":"AL","Zipcode":"","Telephone_store":"334-746-5243","County":null,"Property_type":null,"DateOpened":"2019-07-31 00:00:00","District_Manager":"Wainwright, Richard A.","Store_Manager":"Frederick, Scott D.","Dir_of_Store_Ops":"Rhodes, Philip","Division_VP":null,"lat":32.3564686,"lon":-86.2195836}},{"type":"Feature","geometry":{"type":"Point","coordinates":[-86.2160118,32.5057623]},"properties":{"Division":"LOX","Ahead_Division":"FR26","Store_no":7,"Ahead_Store":"L973","Street":"4445 US Hwy 231","City":"Wetumpka","State":"AL","Zipcode":"","Telephone_store":"334-666-6564","County":null,"Property_type":null,"DateOpened":"2020-10-14 00:00:00","District_Manager":"McKenzie, Collis","Store_Manager":"Tice, Joseph G.","Dir_of_Store_Ops":"Rhodes, Philip","Division_VP":null,"lat":32.5057623,"lon":-86.2160118}},{"type":"Feature","geometry":{"type":"Point","coordinates":[-90.1487642,32.4288138]},"properties":{"Division":"LOX","Ahead_Division":"FR26","Store_no":8,"Ahead_Store":"FK87","Street":"750 Highland Colony Pkwy.","City":"Ridgeland","State":"MS","Zipcode":"","Telephone_store":"601-642-3260","County":null,"Property_type":null,"DateOpened":"2025-09-25 00:00:00","District_Manager":"Milnes, Greg","Store_Manager":"Hernandez, Angelica","Dir_of_Store_Ops":"Hanson, Leah N.","Division_VP":null,"lat":32.4288138,"lon":-90.1487642}},{"type":"Feature","geometry":{"type":"Point","coordinates":[-86.164573,32.36063]},"properties":{"Division":"LOX","Ahead_Division":"FR26","Store_no":9,"Ahead_Store":"L974","Street":"7340 Eastchase Parkway","City":"Montgomery","State":"AL","Zipcode":"","Telephone_store":"334-457-2011","County":null,"Property_type":null,"DateOpened":"2021-06-09 00:00:00","District_Manager":"Wainwright, Richard A.","Store_Manager":"Petty, Larreka D.","Dir_of_Store_Ops":"Rhodes, Philip","Division_VP":null,"lat":32.36063,"lon":-86.164573}},{"type":"Feature","geometry":{"type":"Point","coordinates":[-91.0963433,30.4556321]},"properties":{"Division":"LOX","Ahead_Division":"FR26","Store_no":25,"Ahead_Store":"FK95","Street":"9720 Cortana Pl","City":"Baton Rouge","State":"LA","Zipcode":"","Telephone_store":"800-325-7894","County":null,"Property_type":null,"DateOpened":"2024-12-11 00:00:00","District_Manager":"Groce, Morgan A.","Store_Manager":"Fields, Thomas","Dir_of_Store_Ops":"Hanson, Leah N.","Division_VP":null,"lat":30.4556321,"lon":-91.0963433}},{"type":"Feature","geometry":{"type":"Point","coordinates":[-87.5703638,33.2373209]},"properties":{"Division":"LOX","Ahead_Division":"FR26","Store_no":28,"Ahead_Store":"L256","Street":"1349 McFarland Blvd","City":"Tuscaloosa","State":"AL","Zipcode":"","Telephone_store":"205-564-1007","County":null,"Property_type":null,"DateOpened":"2015-10-28 00:00:00","District_Manager":"Ritzel Jr., James","Store_Manager":"Batey, Jared D.","Dir_of_Store_Ops":"Rhodes, Philip","Division_VP":null,"lat":33.2373209,"lon":-87.5703638}},{"type":"Feature","geometry":{"type":"Point","coordinates":[-86.644367,30.424995]},"properties":{"Division":"LOX","Ahead_Division":"FR26","Store_no":33,"Ahead_Store":"FK99","Street":"427 Mary Esther Cutoff","City":"Fort Walton Beach","State":"FL","Zipcode":"","Telephone_store":"448-216-0030","County":null,"Property_type":null,"DateOpened":"2023-12-20 00:00:00","District_Manager":"Brooks, Kaleb","Store_Manager":"Wariner, Jacob","Dir_of_Store_Ops":"Rhodes, Philip","Division_VP":null,"lat":30.424995,"lon":-86.644367}},{"type":"Feature","geometry":{"type":"Point","coordinates":[-90.4630113,31.5803152]},"properties":{"Division":"LOX","Ahead_Division":"FR26","Store_no":38,"Ahead_Store":"FK89","Street":"840 Brookway Blvd","City":"Brookhaven","State":"MS","Zipcode":"","Telephone_store":"769-205-0340","County":null,"Property_type":null,"DateOpened":"2024-12-11 00:00:00","District_Manager":"Watts, Jarrod M.","Store_Manager":"Coleman, Cortney","Dir_of_Store_Ops":"Hanson, Leah N.","Division_VP":null,"lat":31.5803152,"lon":-90.4630113}},{"type":"Feature","geometry":{"type":"Point","coordinates":[-87.8940293,30.4724172]},"properties":{"Division":"LOX","Ahead_Division":"FR26","Store_no":40,"Ahead_Store":"FE11","Street":"10101 County Rd 48","City":"Fairhope","State":"AL","Zipcode":"","Telephone_store":"251-263-0890","County":null,"Property_type":null,"DateOpened":"2023-03-01 00:00:00","District_Manager":"McKinley, Lachelle","Store_Manager":"Joya, Cory L.","Dir_of_Store_Ops":"Rhodes, Philip","Division_VP":null,"lat":30.4724172,"lon":-87.8940293}},{"type":"Feature","geometry":{"type":"Point","coordinates":[-88.1316153,30.6770092]},"properties":{"Division":"LOX","Ahead_Division":"FR26","Store_no":44,"Ahead_Store":"L984","Street":"3658 Airport Blvd","City":"Mobile","State":"AL","Zipcode":"","Telephone_store":"251-480-0024","County":null,"Property_type":null,"DateOpened":"2022-09-21 00:00:00","District_Manager":"York, Priscilla","Store_Manager":"Wathke, Lath A.","Dir_of_Store_Ops":"Hanson, Leah N.","Division_VP":null,"lat":30.6770092,"lon":-88.1316153}},{"type":"Feature","geometry":{"type":"Point","coordinates":[-88.2249121,30.6698016]},"properties":{"Division":"LOX","Ahead_Division":"FR26","Store_no":45,"Ahead_Store":"L985","Street":"975 Schillinger Rd S","City":"Mobile","State":"AL","Zipcode":"","Telephone_store":"251-304-5840","County":null,"Property_type":null,"DateOpened":"2022-06-24 00:00:00","District_Manager":"York, Priscilla","Store_Manager":null,"Dir_of_Store_Ops":"Hanson, Leah N.","Division_VP":null,"lat":30.6698016,"lon":-88.2249121}},{"type":"Feature","geometry":{"type":"Point","coordinates":[-88.145574,30.589529]},"properties":{"Division":"LOX","Ahead_Division":"FR26","Store_no":46,"Ahead_Store":"L986","Street":"5021 Rangeline Crossing Dr","City":"Mobile","State":"AL","Zipcode":"","Telephone_store":"251-332-0044","County":null,"Property_type":null,"DateOpened":"2022-03-02 00:00:00","District_Manager":"York, Priscilla","Store_Manager":"Malone, Michel","Dir_of_Store_Ops":"Hanson, Leah N.","Division_VP":null,"lat":30.589529,"lon":-88.145574}},{"type":"Feature","geometry":{"type":"Point","coordinates":[-87.9040572,30.6197719]},"properties":{"Division":"LOX","Ahead_Division":"FR26","Store_no":47,"Ahead_Store":"L987","Street":"27060 US Hwy 98","City":"Daphne","State":"AL","Zipcode":"","Telephone_store":"251-304-5842","County":null,"Property_type":null,"DateOpened":"2022-07-27 00:00:00","District_Manager":"McKinley, Lachelle","Store_Manager":"Lien, Lisa M.","Dir_of_Store_Ops":"Rhodes, Philip","Division_VP":null,"lat":30.6197719,"lon":-87.9040572}},{"type":"Feature","geometry":{"type":"Point","coordinates":[-88.7652299,30.4107372]},"properties":{"Division":"LOX","Ahead_Division":"FR26","Store_no":48,"Ahead_Store":"FE12","Street":"3801 Bienville Blvd","City":"Ocean Springs","State":"MS","Zipcode":"","Telephone_store":"228-357-7005","County":null,"Property_type":null,"DateOpened":"2022-08-24 00:00:00","District_Manager":"Allen, Blake","Store_Manager":"Eriquez, Asure","Dir_of_Store_Ops":"Hanson, Leah N.","Division_VP":null,"lat":30.4107372,"lon":-88.7652299}},{"type":"Feature","geometry":{"type":"Point","coordinates":[-85.491047,32.624468]},"properties":{"Division":"LOX","Ahead_Division":"FR26","Store_no":52,"Ahead_Store":"L989","Street":"130 E Pride Blvd","City":"Foley","State":"AL","Zipcode":"","Telephone_store":"251-480-0017","County":null,"Property_type":null,"DateOpened":"2022-04-13 00:00:00","District_Manager":"Stevens, Cole","Store_Manager":"Novy, David W.","Dir_of_Store_Ops":"Rhodes, Philip","Division_VP":null,"lat":32.624468,"lon":-85.491047}},{"type":"Feature","geometry":{"type":"Point","coordinates":[-88.5284259,30.3773237]},"properties":{"Division":"LOX","Ahead_Division":"FR26","Store_no":53,"Ahead_Store":"FF77","Street":"3809 Denny Ave","City":"Pascagoula","State":"MS","Zipcode":"","Telephone_store":"228-203-1370","County":null,"Property_type":null,"DateOpened":"2024-04-24 00:00:00","District_Manager":"Allen, Blake","Store_Manager":"Cruz, Luis","Dir_of_Store_Ops":"Hanson, Leah N.","Division_VP":null,"lat":30.3773237,"lon":-88.5284259}},{"type":"Feature","geometry":{"type":"Point","coordinates":[-87.2814516,30.4404742]},"properties":{"Division":"LOX","Ahead_Division":"FR26","Store_no":56,"Ahead_Store":"L990","Street":"4830 Mobile Hwy","City":"Pensacola","State":"FL","Zipcode":"","Telephone_store":"850-706-5474","County":null,"Property_type":null,"DateOpened":"2022-05-04 00:00:00","District_Manager":"Stevens, Cole","Store_Manager":"Ravel, Christopher","Dir_of_Store_Ops":"Rhodes, Philip","Division_VP":null,"lat":30.4404742,"lon":-87.2814516}},{"type":"Feature","geometry":{"type":"Point","coordinates":[-87.3569591,30.3617935]},"properties":{"Division":"LOX","Ahead_Division":"FR26","Store_no":57,"Ahead_Store":"L991","Street":"2950 S Blue Angel Pkwy, 600","City":"Pensacola","State":"FL","Zipcode":"","Telephone_store":"850-706-5245","County":null,"Property_type":null,"DateOpened":"2022-04-06 00:00:00","District_Manager":"Stevens, Cole","Store_Manager":"Bolling, Ronald","Dir_of_Store_Ops":"Rhodes, Philip","Division_VP":null,"lat":30.3617935,"lon":-87.3569591}},{"type":"Feature","geometry":{"type":"Point","coordinates":[-86.8542477,30.4040302]},"properties":{"Division":"LOX","Ahead_Division":"FR26","Store_no":58,"Ahead_Store":"L992","Street":"8816 Navarre Parkway","City":"Navarre","State":"FL","Zipcode":"","Telephone_store":"850-706-5267","County":null,"Property_type":null,"DateOpened":"2022-03-09 00:00:00","District_Manager":"McKinley, Lachelle","Store_Manager":"Harrer, Camry","Dir_of_Store_Ops":"Rhodes, Philip","Division_VP":null,"lat":30.4040302,"lon":-86.8542477}},{"type":"Feature","geometry":{"type":"Point","coordinates":[-87.161081,30.59936]},"properties":{"Division":"LOX","Ahead_Division":"FR26","Store_no":59,"Ahead_Store":"FE13","Street":"4770 US-90 W","City":"Pace","State":"FL","Zipcode":"","Telephone_store":"850-738-7793","County":null,"Property_type":null,"DateOpened":"2022-09-14 00:00:00","District_Manager":"McKinley, Lachelle","Store_Manager":"Granger II Daniel","Dir_of_Store_Ops":"Rhodes, Philip","Division_VP":null,"lat":30.59936,"lon":-87.161081}},{"type":"Feature","geometry":{"type":"Point","coordinates":[-86.5679228,30.7310228]},"properties":{"Division":"LOX","Ahead_Division":"FR26","Store_no":60,"Ahead_Store":"FF78","Street":"2680 S Ferdon Blvd Unit 201","City":"Crestview","State":"FL","Zipcode":"","Telephone_store":"448-444-5660","County":null,"Property_type":null,"DateOpened":"2023-05-17 00:00:00","District_Manager":"Brooks, Kaleb","Store_Manager":"Maloney, Mary","Dir_of_Store_Ops":"Rhodes, Philip","Division_VP":null,"lat":30.7310228,"lon":-86.5679228}},{"type":"Feature","geometry":{"type":"Point","coordinates":[-86.4721996,30.5174358]},"properties":{"Division":"LOX","Ahead_Division":"FR26","Store_no":61,"Ahead_Store":"FE14","Street":"1030 John Sims Pkwy E","City":"Niceville","State":"FL","Zipcode":"","Telephone_store":"850-757-0706","County":null,"Property_type":null,"DateOpened":"2022-06-22 00:00:00","District_Manager":"Brooks, Kaleb","Store_Manager":"Harrer, Camry","Dir_of_Store_Ops":"Rhodes, Philip","Division_VP":null,"lat":30.5174358,"lon":-86.4721996}},{"type":"Feature","geometry":{"type":"Point","coordinates":[-85.5929381,30.1596632]},"properties":{"Division":"LOX","Ahead_Division":"FR26","Store_no":63,"Ahead_Store":"FE45","Street":"5500 East 7th Street","City":"Callaway","State":"FL","Zipcode":"","Telephone_store":"850-757-0093","County":null,"Property_type":null,"DateOpened":"2023-02-22 00:00:00","District_Manager":"Woodruff, Karen","Store_Manager":"Cole, Donald W.","Dir_of_Store_Ops":"Rhodes, Philip","Division_VP":null,"lat":30.1596632,"lon":-85.5929381}},{"type":"Feature","geometry":{"type":"Point","coordinates":[-85.649133,30.225124]},"properties":{"Division":"LOX","Ahead_Division":"FR26","Store_no":64,"Ahead_Store":"FE15","Street":"2260 S Hwy 77","City":"Lynn Haven","State":"FL","Zipcode":"","Telephone_store":"985-243-0064","County":null,"Property_type":null,"DateOpened":"2022-08-24 00:00:00","District_Manager":"Woodruff, Karen","Store_Manager":"Cambra, Regina M.","Dir_of_Store_Ops":"Rhodes, Philip","Division_VP":null,"lat":30.225124,"lon":-85.649133}},{"type":"Feature","geometry":{"type":"Point","coordinates":[-89.8272712,30.3048258]},"properties":{"Division":"LOX","Ahead_Division":"FR26","Store_no":67,"Ahead_Store":"FE16","Street":"137 Northshore Blvd","City":"Slidell","State":"LA","Zipcode":"","Telephone_store":"985-243-0064","County":null,"Property_type":null,"DateOpened":"2022-06-01 00:00:00","District_Manager":"Loeffler, Tessa","Store_Manager":"Smith, Perrilynn","Dir_of_Store_Ops":"Hanson, Leah N.","Division_VP":null,"lat":30.3048258,"lon":-89.8272712}},{"type":"Feature","geometry":{"type":"Point","coordinates":[-90.112449,29.837276]},"properties":{"Division":"LOX","Ahead_Division":"FR26","Store_no":68,"Ahead_Store":"FE17","Street":"4957 Promenade Blvd","City":"Marrero","State":"LA","Zipcode":"","Telephone_store":"504-688-2610","County":null,"Property_type":null,"DateOpened":"2023-11-15 00:00:00","District_Manager":"Young, Kiaya","Store_Manager":"Story Maness, Morgan A.","Dir_of_Store_Ops":"Hanson, Leah N.","Division_VP":null,"lat":29.837276,"lon":-90.112449}},{"type":"Feature","geometry":{"type":"Point","coordinates":[-90.504628,30.0751889]},"properties":{"Division":"LOX","Ahead_Division":"FR26","Store_no":69,"Ahead_Store":"FE18","Street":"1910 W Airline Hwy","City":"Laplace","State":"LA","Zipcode":"","Telephone_store":"985-243-0031","County":null,"Property_type":null,"DateOpened":"2022-10-19 00:00:00","District_Manager":"Stroble, Cade A.","Store_Manager":"Patterson, Eric","Dir_of_Store_Ops":"Hanson, Leah N.","Division_VP":null,"lat":30.0751889,"lon":-90.504628}},{"type":"Feature","geometry":{"type":"Point","coordinates":[-90.235096,32.31201]},"properties":{"Division":"LOX","Ahead_Division":"FR26","Store_no":70,"Ahead_Store":"FF80","Street":"101 Primos Rd","City":"Flowood","State":"MS","Zipcode":"","Telephone_store":"601-621-7560","County":null,"Property_type":null,"DateOpened":"2023-06-07 00:00:00","District_Manager":"Milnes, Greg","Store_Manager":"Lott, Anna M.","Dir_of_Store_Ops":"Hanson, Leah N.","Division_VP":null,"lat":32.31201,"lon":-90.235096}},{"type":"Feature","geometry":{"type":"Point","coordinates":[-91.0064656,30.4343902]},"properties":{"Division":"LOX","Ahead_Division":"FR26","Store_no":71,"Ahead_Store":"FF81","Street":"2385 O'Neal Ln","City":"Baton Rouge","State":"LA","Zipcode":"","Telephone_store":"225-468-3430","County":null,"Property_type":null,"DateOpened":"2024-01-17 00:00:00","District_Manager":"Wilson, Mary Margaret","Store_Manager":"Davis, Cieara M.","Dir_of_Store_Ops":"Hanson, Leah N.","Division_VP":null,"lat":30.4343902,"lon":-91.0064656}},{"type":"Feature","geometry":{"type":"Point","coordinates":[-83.953331,30.8548331]},"properties":{"Division":"LOX","Ahead_Division":"FR26","Store_no":72,"Ahead_Store":"FK90","Street":"1530 E Jackson St","City":"Thomasville","State":"GA","Zipcode":"","Telephone_store":"229-355-4430","County":null,"Property_type":null,"DateOpened":"2024-09-18 00:00:00","District_Manager":"Lukacs, Levente L.","Store_Manager":"Ohlsson, Eric","Dir_of_Store_Ops":"Rhodes, Philip","Division_VP":null,"lat":30.8548331,"lon":-83.953331}},{"type":"Feature","geometry":{"type":"Point","coordinates":[-91.086863,30.37349]},"properties":{"Division":"LOX","Ahead_Division":"FR26","Store_no":73,"Ahead_Store":"FE36","Street":"14350 Grand Settlement Blvd","City":"Baton Rouge","State":"LA","Zipcode":"","Telephone_store":"225-320-3874","County":null,"Property_type":null,"DateOpened":"2023-08-30 00:00:00","District_Manager":"Wilson, Mary Margaret","Store_Manager":"Delgado, Michael A.","Dir_of_Store_Ops":"Hanson, Leah N.","Division_VP":null,"lat":30.37349,"lon":-91.086863}},{"type":"Feature","geometry":{"type":"Point","coordinates":[-88.832156,33.453495]},"properties":{"Division":"LOX","Ahead_Division":"FR26","Store_no":75,"Ahead_Store":"FE29","Street":"671 Hwy 12 W","City":"Starkville","State":"MS","Zipcode":"","Telephone_store":"601-621-7205","County":null,"Property_type":null,"DateOpened":"2022-12-14 00:00:00","District_Manager":"Milnes, Greg","Store_Manager":"Beard, Austin","Dir_of_Store_Ops":"Hanson, Leah N.","Division_VP":null,"lat":33.453495,"lon":-88.832156}},{"type":"Feature","geometry":{"type":"Point","coordinates":[-88.6724008,32.3639597]},"properties":{"Division":"LOX","Ahead_Division":"FR26","Store_no":76,"Ahead_Store":"FE19","Street":"131 S. Frontage Road","City":"Meridian","State":"MS","Zipcode":"","Telephone_store":"601-621-7130","County":null,"Property_type":null,"DateOpened":"2022-08-31 00:00:00","District_Manager":"Milnes, Greg","Store_Manager":"Wriston, Evelyn","Dir_of_Store_Ops":"Hanson, Leah N.","Division_VP":null,"lat":32.3639597,"lon":-88.6724008}},{"type":"Feature","geometry":{"type":"Point","coordinates":[-87.6149958,33.2337912]},"properties":{"Division":"LOX","Ahead_Division":"FR26","Store_no":77,"Ahead_Store":"L305","Street":"5801 McFarland Blvd","City":"Northport","State":"AL","Zipcode":"","Telephone_store":"205-564-1058","County":null,"Property_type":null,"DateOpened":"2019-10-30 00:00:00","District_Manager":"Ritzel Jr., James","Store_Manager":"Robichaud, Brady","Dir_of_Store_Ops":"Rhodes, Philip","Division_VP":null,"lat":33.2337912,"lon":-87.6149958}},{"type":"Feature","geometry":{"type":"Point","coordinates":[-92.0479654,30.1560509]},"properties":{"Division":"LOX","Ahead_Division":"FR26","Store_no":79,"Ahead_Store":"FB21","Street":"4518 Ambassador Caffery Pkwy","City":"Lafayette","State":"LA","Zipcode":"","Telephone_store":"337-282-5005","County":null,"Property_type":null,"DateOpened":"2022-02-09 00:00:00","District_Manager":"Groce, Morgan A.","Store_Manager":"Spring, Audrey M.","Dir_of_Store_Ops":"Hanson, Leah N.","Division_VP":null,"lat":30.1560509,"lon":-92.0479654}},{"type":"Feature","geometry":{"type":"Point","coordinates":[-91.8216337,29.9845272]},"properties":{"Division":"LOX","Ahead_Division":"FR26","Store_no":81,"Ahead_Store":"FB22","Street":"1102 East Admiral Doyle Dr","City":"New Iberia","State":"LA","Zipcode":"","Telephone_store":"337-282-5060","County":null,"Property_type":null,"DateOpened":"2022-05-04 00:00:00","District_Manager":"Groce, Morgan A.","Store_Manager":"Edler, Kyle J.","Dir_of_Store_Ops":"Hanson, Leah N.","Division_VP":null,"lat":29.9845272,"lon":-91.8216337}},{"type":"Feature","geometry":{"type":"Point","coordinates":[-91.0667344,30.3843488]},"properties":{"Division":"LOX","Ahead_Division":"FR26","Store_no":83,"Ahead_Store":"FE37","Street":"10201 N Reiger Rd","City":"Baton Rouge","State":"LA","Zipcode":"","Telephone_store":"225-339-4170","County":null,"Property_type":null,"DateOpened":"2023-12-14 00:00:00","District_Manager":"Wilson, Mary Margaret","Store_Manager":"Briley, Tim","Dir_of_Store_Ops":"Hanson, Leah N.","Division_VP":null,"lat":30.3843488,"lon":-91.0667344}},{"type":"Feature","geometry":{"type":"Point","coordinates":[-90.2268233,30.0071638]},"properties":{"Division":"LOX","Ahead_Division":"FR26","Store_no":84,"Ahead_Store":"FE20","Street":"8855 Veterans Memorial Blvd","City":"Metairie","State":"LA","Zipcode":"","Telephone_store":"504-224-7708","County":null,"Property_type":null,"DateOpened":"2022-12-22 00:00:00","District_Manager":"Stroble, Cade A.","Store_Manager":"Crabtree III, John B.","Dir_of_Store_Ops":"Hanson, Leah N.","Division_VP":null,"lat":30.0071638,"lon":-90.2268233}},{"type":"Feature","geometry":{"type":"Point","coordinates":[-91.9906747,30.2655717]},"properties":{"Division":"LOX","Ahead_Division":"FR26","Store_no":85,"Ahead_Store":"FB23","Street":"3210 Louisiana Ave","City":"Lafayette","State":"LA","Zipcode":"","Telephone_store":"337-282-5043","County":null,"Property_type":null,"DateOpened":"2022-11-16 00:00:00","District_Manager":"Groce, Morgan A.","Store_Manager":"Hawkins, LaShawntel S.","Dir_of_Store_Ops":"Hanson, Leah N.","Division_VP":null,"lat":30.2655717,"lon":-91.9906747}},{"type":"Feature","geometry":{"type":"Point","coordinates":[-90.0853547,30.4372453]},"properties":{"Division":"LOX","Ahead_Division":"FR26","Store_no":86,"Ahead_Store":"FE21","Street":"123 Holiday Blvd","City":"Covington","State":"LA","Zipcode":"","Telephone_store":"985-243-0133","County":null,"Property_type":null,"DateOpened":"2023-01-18 00:00:00","District_Manager":"Young, Kiaya","Store_Manager":"Turner, Christopher","Dir_of_Store_Ops":"Hanson, Leah N.","Division_VP":null,"lat":30.4372453,"lon":-90.0853547}},{"type":"Feature","geometry":{"type":"Point","coordinates":[-90.4778113,31.2622103]},"properties":{"Division":"LOX","Ahead_Division":"FR26","Store_no":88,"Ahead_Store":"FE28","Street":"105 Edgewood Dr","City":"Mccomb","State":"MS","Zipcode":"","Telephone_store":"534-220-3800","County":null,"Property_type":null,"DateOpened":"2023-01-18 00:00:00","District_Manager":"Watts, Jarrod M.","Store_Manager":"Marshall, Darion A.","Dir_of_Store_Ops":"Hanson, Leah N.","Division_VP":null,"lat":31.2622103,"lon":-90.4778113}},{"type":"Feature","geometry":{"type":"Point","coordinates":[-89.382596,31.321205]},"properties":{"Division":"LOX","Ahead_Division":"FR26","Store_no":89,"Ahead_Store":"FF84","Street":"6042 U S Hwy 98","City":"Hattiesburg","State":"MS","Zipcode":"","Telephone_store":"769-249-4020","County":null,"Property_type":null,"DateOpened":"2023-12-07 00:00:00","District_Manager":"Watts, Jarrod M.","Store_Manager":"Newman, Blake A.","Dir_of_Store_Ops":"Hanson, Leah N.","Division_VP":null,"lat":31.321205,"lon":-89.382596}},{"type":"Feature","geometry":{"type":"Point","coordinates":[-84.2399112,30.4276373]},"properties":{"Division":"LOX","Ahead_Division":"FR26","Store_no":90,"Ahead_Store":"L782","Street":"2425 Apalachee Parkway","City":"Tallahassee","State":"FL","Zipcode":"","Telephone_store":"850-332-9350","County":null,"Property_type":null,"DateOpened":"2021-04-30 00:00:00","District_Manager":"Lukacs, Levente L.","Store_Manager":"Hopson, Jalisa C.","Dir_of_Store_Ops":"Rhodes, Philip","Division_VP":null,"lat":30.4276373,"lon":-84.2399112}},{"type":"Feature","geometry":{"type":"Point","coordinates":[-90.7463085,29.6074439]},"properties":{"Division":"LOX","Ahead_Division":"FR26","Store_no":91,"Ahead_Store":"FF85","Street":"1520 Martin Luther King Blvd","City":"Houma","State":"LA","Zipcode":"","Telephone_store":"985-334-4270","County":null,"Property_type":null,"DateOpened":"2024-01-17 00:00:00","District_Manager":"Stroble, Cade A.","Store_Manager":"Chen, Richard","Dir_of_Store_Ops":"Hanson, Leah N.","Division_VP":null,"lat":29.6074439,"lon":-90.7463085}},{"type":"Feature","geometry":{"type":"Point","coordinates":[-90.8193897,29.8054576]},"properties":{"Division":"LOX","Ahead_Division":"FR26","Store_no":92,"Ahead_Store":"FF86","Street":"32 Rienzi Dr","City":"Thibodaux","State":"LA","Zipcode":"","Telephone_store":"985-277-9912","County":null,"Property_type":null,"DateOpened":"2023-07-12 00:00:00","District_Manager":"Stroble, Cade A.","Store_Manager":"Alviar, Azaria","Dir_of_Store_Ops":"Hanson, Leah N.","Division_VP":null,"lat":29.8054576,"lon":-90.8193897}},{"type":"Feature","geometry":{"type":"Point","coordinates":[-84.3199034,30.4419513]},"properties":{"Division":"LOX","Ahead_Division":"FR26","Store_no":95,"Ahead_Store":"L783","Street":"2020 W Pensacola St Ste 300","City":"Tallahassee","State":"FL","Zipcode":"","Telephone_store":"850-601-9249","County":null,"Property_type":null,"DateOpened":"2021-08-18 00:00:00","District_Manager":"Lukacs, Levente L.","Store_Manager":"Pipes, Brittany","Dir_of_Store_Ops":"Rhodes, Philip","Division_VP":null,"lat":30.4419513,"lon":-84.3199034}},{"type":"Feature","geometry":{"type":"Point","coordinates":[-85.8286398,31.3186656]},"properties":{"Division":"LOX","Ahead_Division":"FR26","Store_no":96,"Ahead_Store":"FF88","Street":"630 Boll Weevil Cir","City":"Enterprise","State":"AL","Zipcode":"","Telephone_store":"334-457-7030","County":null,"Property_type":null,"DateOpened":"2023-11-01 00:00:00","District_Manager":"Leder, Jimi","Store_Manager":"Taylor, Melissa","Dir_of_Store_Ops":"Rhodes, Philip","Division_VP":null,"lat":31.3186656,"lon":-85.8286398}},{"type":"Feature","geometry":{"type":"Point","coordinates":[-90.1973206,29.9781004]},"properties":{"Division":"LOX","Ahead_Division":"FR26","Store_no":141,"Ahead_Store":"FK96","Street":"5901 Airline Drive","City":"Metairie","State":"LA","Zipcode":"","Telephone_store":"504-689-5430","County":null,"Property_type":null,"DateOpened":"2024-12-19 00:00:00","District_Manager":"Young, Kiaya","Store_Manager":"Muse, Ashley","Dir_of_Store_Ops":"Hanson, Leah N.","Division_VP":null,"lat":29.9781004,"lon":-90.1973206}},{"type":"Feature","geometry":{"type":"Point","coordinates":[-90.364791,29.908157]},"properties":{"Division":"LOX","Ahead_Division":"FR26","Store_no":144,"Ahead_Store":"FK97","Street":"12125 US Hwy. 90","City":"Luling","State":"LA","Zipcode":"","Telephone_store":"985-298-3570","County":null,"Property_type":null,"DateOpened":"2025-06-26 00:00:00","District_Manager":"Stroble, Cade A.","Store_Manager":"Alexander Jr., Louis","Dir_of_Store_Ops":"Hanson, Leah N.","Division_VP":null,"lat":29.908157,"lon":-90.364791}},{"type":"Feature","geometry":{"type":"Point","coordinates":[-90.0326803,29.8885332]},"properties":{"Division":"LOX","Ahead_Division":"FR26","Store_no":145,"Ahead_Store":"FP08","Street":"2112 Belle Chasse Hwy.","City":"Terrytown","State":"LA","Zipcode":"","Telephone_store":"504-318-0250","County":null,"Property_type":null,"DateOpened":"2025-06-26 00:00:00","District_Manager":"Young, Kiaya","Store_Manager":"Brittain, Elijah V.","Dir_of_Store_Ops":"Hanson, Leah N.","Division_VP":null,"lat":29.8885332,"lon":-90.0326803}},{"type":"Feature","geometry":{"type":"Point","coordinates":[-90.0118608,29.9235993]},"properties":{"Division":"LOX","Ahead_Division":"FR26","Store_no":146,"Ahead_Store":"FK85","Street":"3008 Holiday Drive","City":"New Orleans","State":"LA","Zipcode":"","Telephone_store":"504-318-9390","County":null,"Property_type":null,"DateOpened":"2025-07-28 00:00:00","District_Manager":"Loeffler, Tessa","Store_Manager":"Henly, Jadith G.","Dir_of_Store_Ops":"Hanson, Leah N.","Division_VP":null,"lat":29.9235993,"lon":-90.0118608}},{"type":"Feature","geometry":{"type":"Point","coordinates":[-90.5206937,30.72802]},"properties":{"Division":"LOX","Ahead_Division":"FR26","Store_no":149,"Ahead_Store":"FP01","Street":"804 W. Oak Street","City":"Amite","State":"LA","Zipcode":"","Telephone_store":"985-334-5310","County":null,"Property_type":null,"DateOpened":"2025-03-12 00:00:00","District_Manager":"Watts, Jarrod M.","Store_Manager":"Smith Jr., Frank A.","Dir_of_Store_Ops":"Hanson, Leah N.","Division_VP":null,"lat":30.72802,"lon":-90.5206937}},{"type":"Feature","geometry":{"type":"Point","coordinates":[-89.7212451,30.2912097]},"properties":{"Division":"LOX","Ahead_Division":"FR26","Store_no":152,"Ahead_Store":"FP23","Street":"2985 Gause Blvd. E.","City":"Slidell","State":"LA","Zipcode":"","Telephone_store":"225-515-4150","County":null,"Property_type":null,"DateOpened":"2025-09-25 00:00:00","District_Manager":"Loeffler, Tessa","Store_Manager":"Brumfield, Brittany","Dir_of_Store_Ops":"Hanson, Leah N.","Division_VP":null,"lat":30.2912097,"lon":-89.7212451}},{"type":"Feature","geometry":{"type":"Point","coordinates":[-88.8970177,30.440502]},"properties":{"Division":"LOX","Ahead_Division":"FR26","Store_no":153,"Ahead_Store":"FP02","Street":"10511 D'Iberville Blvd.","City":"D'Iberville","State":"LA","Zipcode":"","Telephone_store":"228-299-3500","County":null,"Property_type":null,"DateOpened":"2025-04-23 00:00:00","District_Manager":"Allen, Blake","Store_Manager":"Stone, Alyssa M.","Dir_of_Store_Ops":"Hanson, Leah N.","Division_VP":null,"lat":30.440502,"lon":-88.8970177}},{"type":"Feature","geometry":{"type":"Point","coordinates":[-90.486795,30.5024035]},"properties":{"Division":"LOX","Ahead_Division":"FR26","Store_no":157,"Ahead_Store":"FP25","Street":"2302 W. Thomas Street","City":"Hammond","State":"LA","Zipcode":"","Telephone_store":"985-334-360","County":null,"Property_type":null,"DateOpened":"2025-09-25 00:00:00","District_Manager":"Young, Kiaya","Store_Manager":"Christopher, Dylan","Dir_of_Store_Ops":"Hanson, Leah N.","Division_VP":null,"lat":30.5024035,"lon":-90.486795}},{"type":"Feature","geometry":{"type":"Point","coordinates":[-90.983158,30.3343913]},"properties":{"Division":"LOX","Ahead_Division":"FR26","Store_no":159,"Ahead_Store":"FP03","Street":"17682 Airline Hwy","City":"Prairieville","State":"LA","Zipcode":"","Telephone_store":"225-515-4150","County":null,"Property_type":null,"DateOpened":"2025-05-14 00:00:00","District_Manager":"Wilson, Mary Margaret","Store_Manager":"Weddington, Torian","Dir_of_Store_Ops":"Hanson, Leah N.","Division_VP":null,"lat":30.3343913,"lon":-90.983158}},{"type":"Feature","geometry":{"type":"Point","coordinates":[-84.2170054,32.0739396]},"properties":{"Division":"LOX","Ahead_Division":"FR26","Store_no":167,"Ahead_Store":"FP13","Street":"1208 Crawford St.","City":"Americus","State":"GA","Zipcode":"","Telephone_store":"229-458-9670","County":null,"Property_type":null,"DateOpened":"2025-05-29 00:00:00","District_Manager":"McKenzie, Collis","Store_Manager":"Mack, Torrey D.","Dir_of_Store_Ops":"Rhodes, Philip","Division_VP":null,"lat":32.0739396,"lon":-84.2170054}},{"type":"Feature","geometry":{"type":"Point","coordinates":[-84.565344,30.9040572]},"properties":{"Division":"LOX","Ahead_Division":"FR26","Store_no":169,"Ahead_Store":"FP38","Street":"915 E Shotwell St","City":"Bainbridge","State":"GA","Zipcode":"","Telephone_store":"229-458-9640","County":null,"Property_type":null,"DateOpened":"2025-04-16 00:00:00","District_Manager":"Leder, Jimi","Store_Manager":"Redmon-McCloud, Adaina M.","Dir_of_Store_Ops":"Rhodes, Philip","Division_VP":null,"lat":30.9040572,"lon":-84.565344}},{"type":"Feature","geometry":{"type":"Point","coordinates":[-88.257116,30.7801294]},"properties":{"Division":"LOX","Ahead_Division":"FR26","Store_no":174,"Ahead_Store":"FP05","Street":"9082 Moffett Road","City":"Semmes","State":"AL","Zipcode":"","Telephone_store":"251-374-0990","County":null,"Property_type":null,"DateOpened":"2025-05-22 00:00:00","District_Manager":"York, Priscilla","Store_Manager":"Ward, Samantha H.","Dir_of_Store_Ops":"Hanson, Leah N.","Division_VP":null,"lat":30.7801294,"lon":-88.257116}},{"type":"Feature","geometry":{"type":"Point","coordinates":[-91.1506275,30.6505341]},"properties":{"Division":"LOX","Ahead_Division":"FR26","Store_no":181,"Ahead_Store":"FP14","Street":"5005 Church Street","City":"Zachary","State":"LA","Zipcode":"","Telephone_store":"225-515-4180","County":null,"Property_type":null,"DateOpened":"2025-10-09 00:00:00","District_Manager":"Groce, Morgan A.","Store_Manager":"Royal, Horace","Dir_of_Store_Ops":"Hanson, Leah N.","Division_VP":null,"lat":30.6505341,"lon":-91.1506275}},{"type":"Feature","geometry":{"type":"Point","coordinates":[-84.596212,30.586464]},"properties":{"Division":"LOX","Ahead_Division":"FR26","Store_no":184,"Ahead_Store":"FF95","Street":"1600 W Jefferson St","City":"Quincy","State":"FL","Zipcode":"","Telephone_store":"448-200-3570","County":null,"Property_type":null,"DateOpened":"2025-04-16 00:00:00","District_Manager":"Leder, Jimi","Store_Manager":"Sabari, Jordan","Dir_of_Store_Ops":"Rhodes, Philip","Division_VP":null,"lat":30.586464,"lon":-84.596212}},{"type":"Feature","geometry":{"type":"Point","coordinates":[-84.3702497,30.1923261]},"properties":{"Division":"LOX","Ahead_Division":"FR26","Store_no":186,"Ahead_Store":"FK98","Street":"2629 Crawfordville Hwy","City":"Crawfordville","State":"FL","Zipcode":"","Telephone_store":"448-200-3940","County":null,"Property_type":null,"DateOpened":"2025-07-24 00:00:00","District_Manager":"Lukacs, Levente L.","Store_Manager":"Taylor, Michael","Dir_of_Store_Ops":"Rhodes, Philip","Division_VP":null,"lat":30.1923261,"lon":-84.3702497}},{"type":"Feature","geometry":{"type":"Point","coordinates":[-85.7030533,30.1886643]},"properties":{"Division":"LOX","Ahead_Division":"FR26","Store_no":187,"Ahead_Store":"FF79","Street":"3157 West 23rd Street","City":"Panama City","State":"FL","Zipcode":"","Telephone_store":"448-203-1670","County":null,"Property_type":null,"DateOpened":"2025-03-05 00:00:00","District_Manager":"Woodruff, Karen","Store_Manager":"Walker, Chelsey","Dir_of_Store_Ops":"Rhodes, Philip","Division_VP":null,"lat":30.1886643,"lon":-85.7030533}},{"type":"Feature","geometry":{"type":"Point","coordinates":[-85.9732544,30.2631394]},"properties":{"Division":"LOX","Ahead_Division":"FR26","Store_no":188,"Ahead_Store":"FF74","Street":"23200 Front Beach Road","City":"Panama City","State":"FL","Zipcode":"","Telephone_store":"448-200-2510","County":null,"Property_type":null,"DateOpened":"2025-02-19 00:00:00","District_Manager":"Woodruff, Karen","Store_Manager":"Harrer, Camry","Dir_of_Store_Ops":"Rhodes, Philip","Division_VP":null,"lat":30.2631394,"lon":-85.9732544}},{"type":"Feature","geometry":{"type":"Point","coordinates":[-87.054208,30.631897]},"properties":{"Division":"LOX","Ahead_Division":"FR26","Store_no":189,"Ahead_Store":"FP26","Street":"5428 Dogwood Drive","City":"Milton","State":"FL","Zipcode":"","Telephone_store":"448-203-1600","County":null,"Property_type":null,"DateOpened":"2025-10-01 00:00:00","District_Manager":"McKinley, Lachelle","Store_Manager":"Smith, Brent A.","Dir_of_Store_Ops":"Rhodes, Philip","Division_VP":null,"lat":30.631897,"lon":-87.054208}},{"type":"Feature","geometry":{"type":"Point","coordinates":[-89.7840406,30.261982]},"properties":{"Division":"LOX","Ahead_Division":"FR26","Store_no":204,"Ahead_Store":"FP09","Street":"3030 Pontchartrain Dr","City":"Slidell","State":"LA","Zipcode":"","Telephone_store":"985-334-5390","County":null,"Property_type":null,"DateOpened":"2025-03-26 00:00:00","District_Manager":"Loeffler, Tessa","Store_Manager":"Doucet, Joseph","Dir_of_Store_Ops":"Hanson, Leah N.","Division_VP":null,"lat":30.261982,"lon":-89.7840406}},{"type":"Feature","geometry":{"type":"Point","coordinates":[-87.260344,30.5342085]},"properties":{"Division":"LOX","Ahead_Division":"FR26","Store_no":206,"Ahead_Store":"FP10","Street":"312 E Nine Mile Rd","City":"Pensacola","State":"FL","Zipcode":"","Telephone_store":"448-200-3580","County":null,"Property_type":null,"DateOpened":"2025-03-12 00:00:00","District_Manager":"Stevens, Cole","Store_Manager":"Figueroa, Louis M.","Dir_of_Store_Ops":"Rhodes, Philip","Division_VP":null,"lat":30.5342085,"lon":-87.260344}},{"type":"Feature","geometry":{"type":"Point","coordinates":[-87.5524418,33.2370506]},"properties":{"Division":"LOX","Ahead_Division":"FR26","Store_no":228,"Ahead_Store":"FP12","Street":"10 Mcfarland Blvd.","City":"Northport","State":"AL","Zipcode":"","Telephone_store":"659-216-5070","County":null,"Property_type":null,"DateOpened":"2025-02-19 00:00:00","District_Manager":"Ritzel Jr., James","Store_Manager":"Carr, William","Dir_of_Store_Ops":"Rhodes, Philip","Division_VP":null,"lat":33.2370506,"lon":-87.5524418}},{"type":"Feature","geometry":{"type":"Point","coordinates":[-88.0753466,30.6804593]},"properties":{"Division":"LOX","Ahead_Division":"FR26","Store_no":233,"Ahead_Store":"FP17","Street":"1550 Government Street","City":"Mobile","State":"AL","Zipcode":"","Telephone_store":"251-383-2080","County":null,"Property_type":null,"DateOpened":"2025-02-26 00:00:00","District_Manager":"York, Priscilla","Store_Manager":"Adams, Shaundra","Dir_of_Store_Ops":"Hanson, Leah N.","Division_VP":null,"lat":30.6804593,"lon":-88.0753466}},{"type":"Feature","geometry":{"type":"Point","coordinates":[-83.7587591,31.9612252]},"properties":{"Division":"LOX","Ahead_Division":"FR26","Store_no":236,"Ahead_Store":"FP27","Street":"1011 E 16th Ave.","City":"Cordele","State":"GA","Zipcode":"","Telephone_store":"229-351-1890","County":null,"Property_type":null,"DateOpened":"2025-10-09 00:00:00","District_Manager":"McKenzie, Collis","Store_Manager":"Ward, Daniel","Dir_of_Store_Ops":"Rhodes, Philip","Division_VP":null,"lat":31.9612252,"lon":-83.7587591},"id":70},{"type":"Feature","geometry":{"type":"Point","coordinates":[-86.6401271,30.4474564]},"properties":{"Division":"LOX","Ahead_Division":"FR26","Store_no":241,"Ahead_Store":"FF82","Street":"798 Beal Parkway","City":"Fort Walton Beach","State":"FL","Zipcode":"","Telephone_store":"448-200-3930","County":null,"Property_type":null,"DateOpened":"2025-04-23 00:00:00","District_Manager":"Brooks, Kaleb","Store_Manager":"Patterson, Whitney C.","Dir_of_Store_Ops":"Rhodes, Philip","Division_VP":null,"lat":30.4474564,"lon":-86.6401271}},{"type":"Feature","geometry":{"type":"Point","coordinates":[-87.065826,32.3982667]},"properties":{"Division":"LOX","Ahead_Division":"FR26","Store_no":243,"Ahead_Store":"FP15","Street":"1952 W. Dallas Ave.","City":"Selma","State":"AL","Zipcode":"","Telephone_store":null,"County":null,"Property_type":null,"DateOpened":"2025-10-16 00:00:00","District_Manager":"Wainwright, Richard A.","Store_Manager":"Parten, Kimberly","Dir_of_Store_Ops":"Rhodes, Philip","Division_VP":null,"lat":32.3982667,"lon":-87.065826}},{"type":"Feature","geometry":{"type":"Point","coordinates":[-85.95385,32.94401]},"properties":{"Division":"LOX","Ahead_Division":"FR26","Store_no":245,"Ahead_Store":"FP06","Street":"1061 US HWY. 280","City":"Alexander City","State":"AL","Zipcode":"","Telephone_store":"256-691-2250","County":null,"Property_type":null,"DateOpened":"2025-07-28 00:00:00","District_Manager":"McKenzie, Collis","Store_Manager":null,"Dir_of_Store_Ops":"Rhodes, Philip","Division_VP":null,"lat":32.94401,"lon":-85.95385}},{"type":"Feature","geometry":{"type":"Point","coordinates":[-87.547445,33.131489]},"properties":{"Division":"LOX","Ahead_Division":"FR26","Store_no":251,"Ahead_Store":"FP39","Street":"9750 Hwy. 69 South","City":"Tuscaloosa","State":"AL","Zipcode":"","Telephone_store":"(659) 216-5310","County":null,"Property_type":null,"DateOpened":"2025-09-18 00:00:00","District_Manager":"Ritzel Jr., James","Store_Manager":"Dempsey, Desiree","Dir_of_Store_Ops":"Rhodes, Philip","Division_VP":null,"lat":33.131489,"lon":-87.547445}},{"type":"Feature","geometry":{"type":"Point","coordinates":[-83.593543,31.462512]},"properties":{"Division":"LOX","Ahead_Division":"FR26","Store_no":null,"Ahead_Store":"FPX0","Street":"1805 US-82 E","City":"Tifton","State":"GA","Zipcode":"","Telephone_store":null,"County":null,"Property_type":null,"DateOpened":null,"District_Manager":null,"Store_Manager":null,"Dir_of_Store_Ops":null,"Division_VP":null,"lat":31.462512,"lon":-83.593543}},{"type":"Feature","geometry":{"type":"Point","coordinates":[-84.2033146,31.6206795]},"properties":{"Division":"LOX","Ahead_Division":"FR26","Store_no":null,"Ahead_Store":"FPX1","Street":"2816 Nottingham Way","City":"Albany","State":"GA","Zipcode":"","Telephone_store":null,"County":null,"Property_type":null,"DateOpened":null,"District_Manager":null,"Store_Manager":null,"Dir_of_Store_Ops":null,"Division_VP":null,"lat":31.6206795,"lon":-84.2033146}},{"type":"Feature","geometry":{"type":"Point","coordinates":[-83.291559,30.886648]},"properties":{"Division":"LOX","Ahead_Division":"FR26","Store_no":null,"Ahead_Store":"FPX2","Street":"3283 Jack Staten Way","City":"Valdosta","State":"GA","Zipcode":"","Telephone_store":null,"County":null,"Property_type":null,"DateOpened":null,"District_Manager":null,"Store_Manager":null,"Dir_of_Store_Ops":null,"Division_VP":null,"lat":30.886648,"lon":-83.291559}},{"type":"Feature","geometry":{"type":"Point","coordinates":[-83.6914022,32.6165052]},"properties":{"Division":"LOX","Ahead_Division":"FR26","Store_no":null,"Ahead_Store":"FPX3","Street":"3003 Watson Blvd","City":"Warner Robins","State":"GA","Zipcode":"","Telephone_store":null,"County":null,"Property_type":null,"DateOpened":null,"District_Manager":null,"Store_Manager":null,"Dir_of_Store_Ops":null,"Division_VP":null,"lat":32.6165052,"lon":-83.6914022}},{"type":"Feature","geometry":{"type":"Point","coordinates":[-83.7106985,32.8215087]},"properties":{"Division":"LOX","Ahead_Division":"FR26","Store_no":null,"Ahead_Store":"FPX4","Street":"4501 Log Cabin Drive","City":"Macon","State":"GA","Zipcode":"","Telephone_store":null,"County":null,"Property_type":null,"DateOpened":null,"District_Manager":null,"Store_Manager":null,"Dir_of_Store_Ops":null,"Division_VP":null,"lat":32.8215087,"lon":-83.7106985}}]}
